{
  "best_global_step": null,
  "best_metric": null,
  "best_model_checkpoint": null,
  "epoch": 3.0,
  "eval_steps": 500,
  "global_step": 42,
  "is_hyper_param_search": false,
  "is_local_process_zero": true,
  "is_world_process_zero": true,
  "log_history": [
    {
      "epoch": 0.7272727272727273,
      "grad_norm": 2.5072500705718994,
      "learning_rate": 0.00015714285714285716,
      "loss": 3.1638,
      "step": 10
    },
    {
      "epoch": 1.4363636363636363,
      "grad_norm": 1.5899494886398315,
      "learning_rate": 0.00010952380952380953,
      "loss": 2.6217,
      "step": 20
    },
    {
      "epoch": 2.1454545454545455,
      "grad_norm": 1.0617402791976929,
      "learning_rate": 6.19047619047619e-05,
      "loss": 2.2556,
      "step": 30
    },
    {
      "epoch": 2.8727272727272726,
      "grad_norm": 1.1682254076004028,
      "learning_rate": 1.4285714285714285e-05,
      "loss": 2.0158,
      "step": 40
    }
  ],
  "logging_steps": 10,
  "max_steps": 42,
  "num_input_tokens_seen": 0,
  "num_train_epochs": 3,
  "save_steps": 500,
  "stateful_callbacks": {
    "TrainerControl": {
      "args": {
        "should_epoch_stop": false,
        "should_evaluate": false,
        "should_log": false,
        "should_save": true,
        "should_training_stop": true
      },
      "attributes": {}
    }
  },
  "total_flos": 182507618304000.0,
  "train_batch_size": 1,
  "trial_name": null,
  "trial_params": null
}
